# Mapping generated from sheet data-services-unique, input data.csv output 3_services_1.csv
"label";"equipments";"tags";"category"
"Accompagnement";"";"";"Service à la personne"
"Affutage outils de jardin";"";"";"Jardin & équipements"
"Aide aux personnes agées";"";"";"Service à la personne"
"Aide aux personnes handicapées";"";"";"Service à la personne"
"Animation ";"";"";"Evènementiel "
"Apprentissage langues";"";"";"Langues"
"Assistance smartphone & tablette";"";"";"Smartphone & Tablette"
"Atelier bijoux";"Pâte fimo;Fermoirs griffes et attaches;Pinces;Perles et fils";"";"Loisirs créatifs"
"Atelier confection";"Produits atelier";"";"Loisirs créatifs"
"Atelier couture & broderie";"Crochets;Fil et aiguilles;Machine à coudre";"";"Loisirs créatifs"
"Atelier décoration";"Colle;Pinceaux;Matériel de poterie";"";"Loisirs créatifs"
"Barbier";"Couteau de barbier;Tondeuse;Mousse à raser;Produits techniques;Produits soin barbe";"";"Beauté & bien être"
"Beauté des mains et pieds";"Lampe à UV;Nail art;Vernis gels capsules";"";"Beauté & bien être"
"Chauffage";"Caisse à outils;Raccords et joints";"";"Maison & travaux"
"Clôture & portail";"Caisse à outils;Poste à souder";"";"Jardin & équipements"
"clôture & portail";"Caisse à outils;Poste à souder";"";"Jardin & équipements"
"Coaching bien-être";"";"";"Beauté & bien être"
"Coiffure";"Sèche cheveux;Serviette;Produits techniques;Epingles et accessoires cheveux;Shampoing;Tondeuse;Peigne et ciseaux";"";"Beauté & bien être"
"Coiffure afro";"Sèche cheveux;Serviette;Produits techniques;Epingles et accessoires cheveux;Shampoing;Extensions et tissage;Peigne et ciseaux";"";"Beauté & bien être"
"Conciergerie administrative";"";"";"Conciergerie "
"Conciergerie Airbnb";"Produits d'entretien;Aspirateur;Raclette vitre;Lessive et produits de lavage";"";"Conciergerie "
"Conducteur d'engin de chantier";"Engin associé ";"";"Maison & travaux"
"Conseil";"";"";"Administratif"
"Cordonnerie ";"Matériel de cordonnerie";"";"Vêtements, chaussures & accessoires"
"Cours d'art";"";"";"Loisirs créatifs"
"Cours d'arts martiaux ";"";"";"Sport & Coaching"
"Cours d'équitation";"Cheval;Bombe;Selle";"";"Sport & Coaching"
"Cours d'informatique";"Ordinateur ";"";"High tech"
"Cours d'instrument à cordes";"Piano;Violoncelle;Violon;Guitare;Guitare électrique;Guitare basse;Mandoline;Ukulélé;Contrebasse;Cithare";"";"Musique & chant"
"Cours d'instrument à vent";"Clarinette;Flûte;Saxophone;Trompette;Harmonica;Accordéon;Clarinette;Cornemuse;Cor;Tuba";"";"Musique & chant"
"Cours d'oenologie";"Vins;Carafe à décanter;Tire-bouchon";"";"Cuisine & vins"
"Cours de chant";"";"";"Musique & chant"
"Cours de cuisine";"Ingrédients;Ustensiles de cuisine";"";"Cuisine & vins"
"Cours de danse";"";"";"Sport & Coaching"
"Cours de Golf";"Clubs de golf et balles";"";"Sport & Coaching"
"Cours de MAO";"Synthétiseur;Ordinateur";"";"Musique & chant"
"Cours de mécanique";"";"";"Auto-Moto"
"Cours de natation";"";"";"Sport & Coaching"
"Cours de pâtisserie";"Ingrédients;Ustensiles de cuisine";"";"Cuisine & vins"
"Cours de percussions";"Batterie;Tam-tam;Djembé;Xylophone;Tambour;Timbales";"";"Musique & chant"
"Cours de pilates";"Tapis;Swissball;Foam roller";"";"Sport & Coaching"
"Cours de plongée";"Bouteille d'oxygène;Gilet de sauvetage;Masque et tuba;Combinaison";"";"Sport & Coaching"
"Cours de ski";"";"";"Sport & Coaching"
"Cours de solfège";"Partitions";"";"Musique & chant"
"Cours de tennis";"Raquettes et Balles";"";"Sport & Coaching"
"Cours de tennis de table";"Raquettes et Balles";"";"Sport & Coaching"
"Cours de Yoga";"Tapis;Swissball;Foam roller";"";"Sport & Coaching"
"Cours niveau primaire";"";"";"Cours scolaire"
"Cours niveau secondaire";"";"";"Cours scolaire"
"Cours sports nautiques";"Gilet de sauvetage;Combinaison;Bateau à Voile;Surf;Skis nautiques;Aviron;Planche à voile;Paddle;Kitesurf";"";"Sport & Coaching"
"Couture ";"Machine à coudre;Fil et aiguilles; Fermeture; Tissu; Bouton";"";"Vêtements, chaussures & accessoires"
"Création d'objet";"Caisse à outils;Palette;Vis, chevilles et écrous";"";"Loisirs créatifs"
"Crépis";"Projecteur d'enduit;Rouleau;Taloche;Sableuse";"";"Maison & travaux"
"Cuisinier ";"Ingrédients";"";"Evènementiel "
"Déblaiement ";"Camion;Sac déchets verts";"";"Maison"
"Débourrage ";"Cravache";"";"Animaux"
"Décoration évènementielle";"";"";"Evènementiel "
"Décoration intérieur ";"";"";"Décoration"
"Découpe";"Tronçonneuse";"";"Jardin & équipements"
"Déménagement";"Cartons et protections;Camion";"";"Maison"
"Dépot & retrait";"";"";"Conciergerie "
"Désencombrage";"Cartons et protections;Camion";"";"Maison"
"Désinfection & nuisibles";"Produits et gaz toxiques;Piège";"";"Maison & travaux"
"Dessin & peinture";"Peinture;Crayons et fusains;Chevalet";"";"Loisirs créatifs"
"DJ ";"Ordinateur;Table de mixage;Enceintes;Jeux de lumière;Micro";"";"Evènementiel "
"Dressage d'animaux";"Matériel Agility";"";"Animaux"
"Eclairage jardin";"Caisse à outils";"";"Jardin & équipements"
"Electricité";"Dominos;Fusible;Caisse à outils";"";"Maison & travaux"
"Electroménager";"Caisse à outils";"";"Electroménager"
"Entrainement & montage d'animaux";"Selle";"";"Animaux"
"Entretien Bateau";"";"";"Auto-Moto"
"Entretien des abris";"Fourche;Remorque";"";"Animaux"
"Entretien moto, scooter, quad";"Caisse à outils;Liquides d'entretien;Booster;Produits d'entretien";"";"Auto-Moto"
"Entretien Tracteur";"";"";"Auto-Moto"
"Entretien Trotinette électrique, gyroroue, Hoverboard";"";"";"Auto-Moto"
"Entretien Vélo - Vélos électrique";"Caisse à outils";"";"Auto-Moto"
"Entretien voiture";"Caisse à outils;Cric;Liquides d'entretien;Filtre teinté;Booster;Valise;Produits d'entretien;Aspirateur";"";"Auto-Moto"
"Epilation";"Serviette;Appareil à cire;Pince à épiler;Bandes épilation;Cire dépilatoire";"";"Beauté & bien être"
"Equipements de jardin";"Caisse à outils";"";"Jardin & équipements"
"Feu d'artifice";"Feux d'artifice";"";"Evènementiel "
"Garde d'enfant";"Jeux et jouets;Table à langer;Lit bébé;Parc";"";"Service à la personne"
"Gardes d'animaux ";"Brosse";"";"Animaux"
"Home staging";"";"";"Décoration"
"Internet";"";"";"High tech"
"Interprétariat";"";"";"Langues"
"Jardin & potager";"Outils de jardinage;Arrosoir;Tronçonneuse;Tracteur tondeuse;Engrais, traitement;Coupe branches;Tuyau d'arrosage;Débroussailleuse;Aspirateur à feuilles;Taille-haies;Désherbant thermique;Sac déchets verts; Graines et plantations potager;Fourche;Pulvérisateur désherbant;Motoculteur;Tondeuse à gazon";"";"Jardin & équipements"
"Lavage & repassage";"Machine à laver;Fer à repasser;Lessive et produits de lavage";"";"Vêtements, chaussures & accessoires"
"Maçonnerie";"Marteau piqueur;Pince à béton;Masse;Bétonnière;Niveau;Truelle;Matériel de coffrage";"";"Maison & travaux"
"Maquillage";"Coton et démaquillant;Maquillage;Serviette;Pinceaux et applicateurs";"";"Beauté & bien être"
"Maroquinerie ";"Produits d'entretien du cuir;Tissu;Roulettes;Machine à coudre;Fil et aiguilles";"";"Vêtements, chaussures & accessoires"
"Massage";"Table de massage;Produits de soin;Serviette";"";"Beauté & bien être"
"Matériel High tech";"Caisse à outils";"";"High tech"
"Médecine douce";"";"";"Beauté & bien être"
"Ménage";"Produits d'entretien;Aspirateur;Raclette vitre";"";"Maison"
"Menuiserie";"Caisse à outils;Rabot;Décapeur;Vis, chevilles et écrous";"";"Maison & travaux"
"Miroiterie";"Caisse à outils";"";"Maison & travaux"
"Montage Restauration Meuble";"Caisse à outils;Perceuse, visseuse";"";"Décoration"
"Musicien ";"Instruments";"";"Evènementiel "
"Nettoyage jardin";"Produits d'entretien;Nettoyeur haute pression";"";"Jardin & équipements"
"Ordinateur";"Disque de sauvegarde";"";"High tech"
"Organisation évènementielle";"";"";"Evènementiel "
"Peinture";"Matériel de peinture;Echelle et escabeau;Ponceuse;Scotch; Bâche de protection;Papier de verre;Sableuse";"";"Maison & travaux"
"Personnalisation vêtements";"Matériel d'impression;Matériel de Broderie";"";"Vêtements, chaussures & accessoires"
"Petits travaux de décoration";"Caisse à outils;Perceuse, visseuse;Vis, chevilles et écrous";"";"Décoration"
"Photographie";"Appareil photo;Reflecteur";"";"Evènementiel "
"Piscine & spa";"PHmètre;Kit de réparation;Matériel d'entretien piscine";"";"Jardin & équipements"
"Plâtrerie & isolation";"Perceuse, visseuse;Niveau;Vis, chevilles et écrous;Bandes à enduire;Ponceuse;Mortier adhésif et enduit;Caisse à outils;Couteau à enduire;";"";"Maison & travaux"
"Plomberie";"Caisse à outils;Raccords et joints;Clé de purge;Déboucheur;Pistolet et silicone;Chalumeau";"";"Maison & travaux"
"Promenade d'animaux";"Selle;Bombe";"";"Animaux"
"Ramonage";"Kit ramonage";"";"Maison & travaux"
"Relecture";"";"";"Langues"
"Relooking";"";"";"Beauté & bien être"
"Réparation bijoux ";"Verre de montre;Pile de montre;Fermoirs griffes et attaches; Mécanisme de montre";"";"Vêtements, chaussures & accessoires"
"Réparation outillage";"Caisse à outils";"";"Maison & travaux"
"Réparation outillage jardin";"Caisse à outils";"";"Jardin & équipements"
"Réparation smartphone Apple";"Ecran LCD;Bouton home;Caméra arrière;Caméra avant;Batterie smartphone";"";"Smartphone & Tablette"
"Réparation smartphone Huawei";"Ecran LCD;Bouton home;Caméra arrière;Caméra avant;Batterie smartphone";"";"Smartphone & Tablette"
"Réparation smartphone Samsung";"Ecran LCD;Bouton home;Caméra arrière;Caméra avant;Batterie smartphone";"";"Smartphone & Tablette"
"Réparation tablette Apple";"Ecran LCD;Bouton home;Caméra arrière;Caméra avant;Batterie smartphone";"";"Smartphone & Tablette"
"Réparation tablette Samsung";"Ecran LCD;Bouton home;Caméra arrière;Caméra avant;Batterie smartphone";"";"Smartphone & Tablette"
"Revêtements & sols";"Joint;Colle;Caisse à outils;Ponceuse;Décolleuse;Croisillons;Coupe carreaux ou carrelette";"";"Maison & travaux"
"Serrurerie";"Caisse à outils";"";"Maison & travaux"
"Service en salle";"";"";"Evènementiel "
"Soin des animaux";"Fer à cheval";"";"Animaux"
"Soins";"Produits de soin;Serviette;Coton et démaquillant";"";"Beauté & bien être"
"Sommelier";"Vins;Carafe à décanter;Tire-bouchon";"";"Evènementiel "
"Soudure";"Poste à souder;Brasure";"";"Maison & travaux"
"Stockage";"Cartons et protections;Camion;Emplacement de stockage";"";"Maison"
"Tatouage au henné ";"Henné";"";"Beauté & bien être"
"Télévision";"Caisse à outils;Vis, chevilles et écrous;Perceuse, visseuse";"";"High tech"
"Terrasse & balcon";"Caisse à outils;Produits d'entretien;Nettoyeur haute pression";"";"Jardin & équipements"
"Terrassement";"Pelleteuse";"";"Jardin & équipements"
"Toilettage";"Peigne et ciseaux;Shampoing;Brosse;Coupe griffes;Tondeuse";"";"Animaux"
"Toiture";"Echelle et escabeau;Produits d'entretien";"";"Maison & travaux"
"Traduction";"";"";"Langues"
"Traiteur ";"Ingrédients";"";"Evènementiel "
"Transport";"Voiture;Minibus";"";"Conciergerie "
"Transport d'animaux";"Van;Caisse de transport";"";"Animaux"
"Vêtement sur mesure";"Machine à coudre;Fil et aiguilles; Fermeture;Tissu;Bouton";"";"Vêtements, chaussures & accessoires"
"Video";"Caméra;Ordinateur";"";"Evènementiel "
"Visite à domicile";"Brosse";"";"Animaux"
"Vitrerie";"Pistolet et silicone;Caisse à outils ";"";"Maison & travaux"
"Voyage";"";"";"Evènementiel "
"Voyance et astrologie";"";"";"Beauté & bien être"
"Zinguerie";"Echelle et escabeau;Produits d'entretien";"";"Maison & travaux"
