shop;siret
5e6b913f49342b093b96bf29;87915164500014
5e4e7762fd09e519950a7b82;53986108800034
5e4ee5eaa8b8d03356dc3c46;51062652600014
5e4ebeefa8b8d03356dc3c2a;84050827900014
5e6a7d9549342b093b96bd66;82355227800017
5e54436993ade4217fd3c9b2;52402291000029
5e681c3f49342b093b96ba9f;80134078700028
5e578e618439fe671601f025;85314111700012
5e5905ef98e8c13ca6ab41b7;80950511800012
5e5a778ec2c7732d63668459;85355818700011
5e5d3f93ec995b6ccf66adf1;51111502400024
5e5d449cbf8bfd552a610f85;53854200200018
5e5d4c2866574a6d74463841;34993726800036
5e5d4bf0b0d44c6a7981eab4;87965663500015
5e5d55dc58a92b16b111aabf;81806983300015
5e5d65cc0ee7ef38f95b1a13;50236459900014
5e5d67300ee7ef38f95b1a29;78873720300026
5e5d66e10ee7ef38f95b1a24;34753427300052
5e5eaf5cca2840273f38707d;79003523200038
5e60285f1bee64541cfc0330;83368795700013
5e6107531bee64541cfc03af;87868837300017
5e62900a1bee64541cfc05ee;88028658800012
5e62a5591bee64541cfc063b;81242213700024
5e63a9811bee64541cfc073e;80519272100019
5e63f8fc1bee64541cfc07a5;81195325600021
5e67f62349342b093b96ba0c;87815703100013
5e6443cc1bee64541cfc07c2;81098694300027
5e64963a1bee64541cfc07ed;51419708600028
5e64cfe81bee64541cfc0817;88059985700013
5e6549e31bee64541cfc08b2;84918444500013
5e656bd21bee64541cfc08e1;50060635500054
5e66418a1bee64541cfc0943;83225230800016
5e676cfeb6408856b0c81aa6;87750595800018
5e676d47b6408856b0c81ab7;84076877400019
5e67ddeb49342b093b96b999;88068269500015
5e67ebb449342b093b96b9b5;52484562500028
5e681eee49342b093b96baae;75291591800029
5e68a5ca49342b093b96bad9;88040479300015
5e710e2c2e848c2a1f69b031;84984620900013
5e68d0d249342b093b96bafa;82049337700023
5e691d0349342b093b96bb3e;84224283600018
5e695aa649342b093b96bbef;87821081400017
5e6a8a5749342b093b96bd7b;87902903100017
5e6b827849342b093b96be6c;78869087300021
5e6b8dd049342b093b96bf10;50335864000012
5e6fa3d10436de60f4e21e38;84835154000010
5e6c8b5b8c08c94575ab003f;52012974300024
5e6c94ac8c08c94575ab005b;85080592000012
5e6e20ce8c08c94575ab0208;85082253700013
5e6e3a898c08c94575ab021a;84234487100012
5e6f9fe30436de60f4e21e2d;88053549700015
5e7026402e848c2a1f69af54;50286787200033
5e712f4e2e848c2a1f69b03a;83983883600014
5e71f2f42e848c2a1f69b03f;83979054000018
5e727c82a1d74a766c191e2a;49276838700010
5e728a18a1d74a766c191e3b;49403743500067
5e729313a1d74a766c191e5b;79847920000015
5e72934fa1d74a766c191e60;87761530200016
5e731475a1d74a766c191ef0;79903783300016
5e73fe3da1d74a766c191f5e;84431338700020
5e74f5c4a1d74a766c191fa4;83155816800017
5e751878a1d74a766c191fb1;88001939300011
5e7a2e788cd4ff496aa4897f;84356007900017
5e7a40688cd4ff496aa489d5;79524209800023
5e7b895227c45b32b172b2ab;50885374400029
5e8b387927c45b32b172b3e6;51816889300023
5e8b54c827c45b32b172b3f0;51966290200013
5e9cbc9df6e27550c661fea1;85261170600015
5e9d77e1f6e27550c661feb3;85229119400011
5e4f9528a8b8d03356dc3cbc;40290340500031
5e5d4876e30a5d7eacaedb15;47988125200056
5e53efd093ade4217fd3c971;48946982500017
